id,fits_name,P_MG
183962,587726015083905267.fits,0.0
125301,587739305290563622.fits,0.0850000008941
188762,587729971249873187.fits,0.0
260069,587727220860780691.fits,0.0
101197,587728309104214057.fits,0.0
11729,587734841741672894.fits,0.0
163017,588017722261700731.fits,0.0
153287,587738570319986831.fits,0.0340000018477
28670,587734623241896160.fits,0.0
101840,587728308030603421.fits,0.0
47114,588007003630141609.fits,0.356000006199
114152,587739405706264639.fits,0.0359999984503
224629,587739407337914579.fits,0.0
123659,588017728150962244.fits,0.0
207891,587739458837938315.fits,0.0
65620,587738948283727941.fits,0.0689999982715
195699,587729158440681740.fits,0.0
6360,587727229987127308.fits,0.0
162693,587729773680984272.fits,0.0189999993891
191792,587739810488779052.fits,0.0
205828,587739629559152806.fits,0.0
141904,587732484362600657.fits,0.0
83396,587741489296244943.fits,0.0
92770,587734894358757531.fits,0.0
204602,587739844849565964.fits,0.0
217734,588017702952304852.fits,0.0
84518,588017603603988578.fits,0.0
53345,587735344800464971.fits,0.0
248835,588017978917323229.fits,0.0
209112,587736547385540944.fits,0.0
259398,587727212808897048.fits,0.0500000007451
137937,588010878763860076.fits,0.0
108256,587742863674179767.fits,0.0
48332,587741709406437553.fits,0.0
6485,587724198283837539.fits,0.0
112136,587725040091070730.fits,0.0
74252,587729387147034695.fits,0.0
250801,588017978381500758.fits,0.0
155231,587739505012310079.fits,0.270000010729
248960,587733608553971894.fits,0.0
165250,587729387157520404.fits,0.0
208718,587739379917520976.fits,0.0
225752,587736618785374406.fits,0.0
30115,587741532768567611.fits,0.0
138400,588298661965004954.fits,0.0320000015199
160004,587739303149568135.fits,0.0
219107,588018252680855733.fits,0.0149999996647
264664,587726879425364080.fits,0.0
157526,587739609170182345.fits,0.0340000018477
190297,588848899392274732.fits,0.0419999994338
239977,587735666389811413.fits,0.0
213707,587739651029926014.fits,0.0
43765,587739376163160250.fits,0.0
198744,587730023866302642.fits,0.0619999989867
169999,587736479197233320.fits,0.0359999984503
55575,588017979953578148.fits,0.0500000007451
207906,587736542023122964.fits,0.0359999984503
81476,588017703996817501.fits,0.0
196853,587736916752728231.fits,0.0
105429,587734892214091846.fits,0.0
137521,587722982281576630.fits,0.0
220876,587736586044899499.fits,0.0
247049,587733398646882505.fits,0.0
250920,587739844860445045.fits,0.0460000000894
112518,588010878221484140.fits,0.01600000076
18051,587728931874013421.fits,0.0
110786,587732772663984234.fits,0.0
71416,588007005782343805.fits,0.0
173960,587729773146472641.fits,0.0270000007004
77309,587731500260982914.fits,0.0529999993742
98956,587735696440623187.fits,0.0289999991655
168737,587729777440784657.fits,0.0
251808,587733605342773350.fits,0.0
7581,587731513151193232.fits,0.0
168402,588848898850488512.fits,0.0
122951,587731868561178759.fits,0.0170000009239
85153,587742865816879190.fits,0.0
64629,587742566784106610.fits,0.428999990225
133292,587726015609503878.fits,0.0189999993891
143506,587725552824615008.fits,0.0
93863,587738948289036502.fits,0.0
79672,587742864741761164.fits,0.0
131811,587725041705877616.fits,0.0
211551,588017991773651250.fits,0.0
220957,587726101491482865.fits,0.0
140676,587731890581078085.fits,0.0
256880,587729781200781725.fits,0.0649999976158
39267,587735343185199382.fits,0.0
25618,587741816235491633.fits,0.0
203319,588017702949486762.fits,0.0219999998808
243968,587739385279152218.fits,0.43900001049
102242,587739407851716812.fits,0.0179999992251
226446,587736542026858577.fits,0.0
6289,587724199894057120.fits,0.0
40324,587728930806497451.fits,0.0
219739,587739130815316138.fits,0.0
56070,587732702323605674.fits,0.0
106357,587734892751159424.fits,0.0
103775,587733080810324044.fits,0.0
113388,587732484358602878.fits,0.0
195249,587733603720429766.fits,0.0
24286,587744874250436920.fits,0.397000014782
222728,588018056193048786.fits,0.0
256691,587725575886536926.fits,0.0329999998212
233362,588018254830960781.fits,0.0
195663,587726032266133700.fits,0.0
20402,587732157391700226.fits,0.0
88981,588017947198554203.fits,0.0
265900,587727178983080072.fits,0.0649999976158
133063,587733081887670354.fits,0.0
32976,587742061050724655.fits,0.0
169395,588010879844548804.fits,0.0
37951,588007006313250946.fits,0.0
159781,587742061616758804.fits,0.0
102007,588017111292706914.fits,0.0
218958,587739132962275687.fits,0.0
197722,587739707948990522.fits,0.01600000076
108896,587735347497861274.fits,0.0
201876,587733429771174040.fits,0.0
165664,588848900460511418.fits,0.0
156057,587739505549312164.fits,0.0649999976158
260988,587727220862550404.fits,0.0320000015199
246060,587729752204640460.fits,0.0
50080,588023046406209714.fits,0.0
84777,587742566788825241.fits,0.0
56393,587741491437633664.fits,0.019999999553
54614,587729386069688509.fits,0.0359999984503
2647,587724233712730291.fits,0.0
106332,587734892751159412.fits,0.0
175156,587742061619839210.fits,0.0
113273,587732772664508534.fits,0.0359999984503
37008,587732484343922940.fits,0.0
67191,587728948512882891.fits,0.0
151191,587728676860002415.fits,0.0
71379,587745541057937469.fits,0.0
150759,587741600963297515.fits,0.0340000018477
9695,587737809027007022.fits,0.0
130300,587742902325215405.fits,0.0170000009239
216325,587726015090786626.fits,0.0
176621,587742549603189005.fits,0.0
124182,587725040093626503.fits,0.0189999993891
45831,587732578301116651.fits,0.0
121813,587741490914263281.fits,0.0
91914,587732484892524551.fits,0.0
134936,587742902326263896.fits,0.0
223339,587729227149869273.fits,0.0
200696,588018254824800354.fits,0.0
242058,587729228763496669.fits,0.0
94632,587729153595474049.fits,0.0
52955,587732578303541525.fits,0.0
54708,587732703396954221.fits,0.0740000009537
126700,587732484360372410.fits,0.0250000003725
264649,587726877277880449.fits,0.0
90841,588017606289588389.fits,0.0
100700,587742775092445302.fits,0.0
259810,587730774409347786.fits,0.0710000023246
10299,587725551728525413.fits,0.0909999981523
233339,587739814779158754.fits,0.0
176321,587736808302641390.fits,0.0
40972,588013382192005184.fits,0.0
237947,588007005264544002.fits,0.0
228793,587739815851589639.fits,0.0
34354,588023239131726032.fits,0.0
229090,587736586046734608.fits,0.0179999992251
51270,587732770502082699.fits,0.0
185639,587736940371378321.fits,0.0
191674,587739609176998109.fits,0.0
137575,587724649798566084.fits,0.0
14938,587725775069773978.fits,0.0
51549,587732050557206625.fits,0.0
3955,587727225161056412.fits,0.0
2795,587727226232963249.fits,0.0340000018477
148152,587725551751331958.fits,0.0
96375,587732771587096661.fits,0.0610000006855
90305,587732703405867170.fits,0.0
29047,587737810110578861.fits,0.0
12924,587731522272166235.fits,0.0359999984503
208138,587733410986983615.fits,0.0450000017881
17165,587725773996359933.fits,0.0
156974,588017979971993701.fits,0.0289999991655
211698,587722982834766290.fits,0.0
262316,587730773341438323.fits,0.10000000149
64309,587742566783975631.fits,0.0
220248,587725818033799331.fits,0.0
241620,587736541493395971.fits,0.0
94909,587741490372345947.fits,0.0
158717,587738572460523659.fits,0.0
48978,588023046942687425.fits,0.0
168446,588848899924230295.fits,0.0
72162,588017625072730282.fits,0.0670000016689
73890,588297865261547602.fits,0.0
26227,587741532767387936.fits,0.0359999984503
3590,587724233177432150.fits,0.0379999987781
98412,587732583667466413.fits,0.0909999981523
190630,588017115591737489.fits,0.0
52496,587745403077132482.fits,0.133000001311
115772,588010358012444893.fits,0.0
81597,588017111289430072.fits,0.0
203952,587726102561882147.fits,0.0
201076,587739131348582565.fits,0.0
181111,587739720834678935.fits,0.0
36611,588013382727958540.fits,0.137999996543
86820,587739648355074222.fits,0.0
49848,587728930271985703.fits,0.0
5917,587724197745983628.fits,0.232999995351
122346,588011124113211487.fits,0.0
144087,588298662502858814.fits,0.0560000017285
110606,588017703466238157.fits,0.0
46639,587739407302197375.fits,0.0
94283,587732771049767123.fits,0.0
173568,587738570324181258.fits,0.0
144281,587725041708892223.fits,0.0
11938,588016840704393547.fits,0.0
181976,588848898853437598.fits,0.0
183250,587739720298332289.fits,0.0
265014,587730816293339288.fits,0.0
48801,587726031695184055.fits,0.0
261957,587726877808722139.fits,0.0
189439,587726014548345059.fits,0.0
170160,587722984436334703.fits,0.273000001907
260903,587726879416320435.fits,0.01600000076
205171,587736478131225003.fits,0.0
125004,587725551212363947.fits,0.0
89392,587742572684050476.fits,0.0
212778,587733605333270699.fits,0.0
71263,587728879267873012.fits,0.0
264581,588015508726743153.fits,0.0
152173,588017570314518696.fits,0.0
235718,588017990705152459.fits,0.01600000076
96183,587731892186513539.fits,0.0
131177,587739304754741387.fits,0.0
89759,588017605215649949.fits,0.0
105779,587728309105262695.fits,0.0
94963,587742864745103492.fits,0.0309999994934
230195,587736619323162880.fits,0.333000004292
200643,587739382063104145.fits,0.324000000954
28462,587737827290448037.fits,0.0520000010729
155971,587739505549312151.fits,0.0
69441,587742566785351833.fits,0.0
113153,588013383816183862.fits,0.0
224409,587725818034389095.fits,0.72000002861
236143,587733440512590141.fits,0.0179999992251
251876,587735665320984985.fits,0.0
106857,587741602028453991.fits,0.0
1064,587727225155354742.fits,0.0
75885,587741532244213848.fits,0.0
56456,587727942422429769.fits,0.0
74045,588017702384435399.fits,0.0289999991655
185414,587736478663770333.fits,0.0
233058,587736619323883796.fits,0.0
231791,587736813135462839.fits,0.0
77447,587739376171942023.fits,0.0
19657,587735044146463106.fits,0.0
146812,588017109688909902.fits,0.0649999976158
57865,587731522822471800.fits,0.0
128856,588017705080586385.fits,0.0590000003576
123062,587735695369633887.fits,0.0
222097,587736584434811176.fits,0.0
32014,587741421638451429.fits,0.32800000906
148027,588010878766219439.fits,0.0
176771,587742060546490552.fits,0.0
244053,587739166238179605.fits,0.0
145637,587742575372861561.fits,0.0
123603,587738568702951620.fits,0.0
66402,587735349099102478.fits,0.0
153020,588017704549089376.fits,0.0
78691,587742014347935897.fits,0.0
18692,587738564405428821.fits,0.01600000076
75973,588017111288447117.fits,0.0
76810,587732582053970105.fits,0.0
46917,587725469062398203.fits,0.0
250013,587739828216201606.fits,0.0
262788,587731186731057438.fits,0.0
229002,588018090542039254.fits,0.0
263762,587730818437808228.fits,0.0
131970,587741531718221957.fits,0.0
128305,588023669709406236.fits,0.0
155030,587742061615775903.fits,0.0
208074,587739406261092632.fits,0.0
116771,587735694832042089.fits,0.0
87109,587732578312257669.fits,0.0
163145,588017570853748937.fits,0.0
130746,587742189906034806.fits,0.0
85245,587738618097631389.fits,0.0
129105,587741600958841023.fits,0.0
148384,587729157893456017.fits,0.0
150471,588011125189836923.fits,0.0
248032,587733397573861610.fits,0.0
134991,588017947742896223.fits,0.0
25215,587734949654495272.fits,0.0
35524,587739407835988201.fits,0.0
254043,587736619867963764.fits,0.303000003099
256824,587729781200716327.fits,0.0
233087,587739132965552374.fits,0.0309999994934
14839,587732471456661713.fits,0.0
7007,587724232110375026.fits,0.0
131318,588017724401516747.fits,0.107000000775
101856,587741600953729119.fits,0.0
201598,588017704559640742.fits,0.0
74010,587735347490193688.fits,0.0
3428,587731511530881223.fits,0.0
62489,587742061596180638.fits,0.0
73664,588010358539944252.fits,0.0
224699,587736585508946093.fits,0.0
211483,587730023868924181.fits,0.0
1238,587731185669636234.fits,0.0
153614,587739720829304960.fits,0.0
68390,587745541057282189.fits,0.0299999993294
18319,587745243615658415.fits,0.111000001431
262038,587730774951395646.fits,0.0
50315,587739376165257403.fits,0.0379999987781
18782,587728666115506288.fits,0.0
244808,587739811036987918.fits,0.0179999992251
58334,587728950120939653.fits,0.0
125715,587738568166473878.fits,0.0430000014603
173911,587742190988492959.fits,0.0
3045,587724232102641838.fits,0.0
17104,587739406756217278.fits,0.0
97798,587731870168711299.fits,0.0
136644,587726016684032065.fits,0.0
51106,587738410322821224.fits,0.0
91183,588009372835315787.fits,0.0
94066,587732484892786865.fits,0.0
181831,587739721371680877.fits,0.0
87716,588010360690770104.fits,0.0
241707,587739380461404399.fits,0.0
7542,588015508212220022.fits,0.41400000453
92039,587734893284884556.fits,0.0480000004172
241006,587736915688423911.fits,0.153999999166
45507,587745244160590077.fits,0.0
203534,587725817494962352.fits,0.0
156503,587724650339696757.fits,0.0
239711,587736753005134072.fits,0.0189999993891
10540,587737827283304789.fits,0.0
223428,587729228223217760.fits,0.0219999998808
40678,588007004165701671.fits,0.0
41183,587741421640810708.fits,0.0
122008,587741603105013881.fits,0.0
216302,587736543098372419.fits,0.0
113909,587732483284926482.fits,0.40000000596
235182,587742550152643014.fits,0.0
341,587731185667801245.fits,0.172000005841
62935,587734949665505393.fits,0.0
179585,587735664769040533.fits,0.0
170168,588017725483909333.fits,0.0340000018477
204562,588848901005967696.fits,0.0
78950,587735663163998330.fits,0.0
107534,588017702391906417.fits,0.0
200895,587736478667178174.fits,0.0299999993294
175324,587742593085145263.fits,0.133000001311
68949,588017704530804793.fits,0.0
189632,587733399709089935.fits,0.0
10413,587738067264733546.fits,0.0
141374,588010878764646573.fits,0.218999996781
177875,587742611067568140.fits,0.0
73714,587745243631648896.fits,0.054999999702
107247,587741600954777737.fits,0.0
33297,587732578297643377.fits,0.0
251728,587729408615317793.fits,0.0
156956,588017947209760850.fits,0.0
251654,587736584979808442.fits,0.0
79484,588010359078125743.fits,0.0
106568,588009372300017749.fits,0.0
23358,587725471204835532.fits,0.0
21247,587741532228944252.fits,0.0
57342,587732577231044847.fits,0.0
44570,587745245234135281.fits,0.0149999996647
145209,587739720827797608.fits,0.0
192148,587742576456302783.fits,0.0130000002682
173405,587726016692093083.fits,0.0130000002682
25539,587735241172844868.fits,0.0
246799,587729751131619639.fits,0.0
70595,588010359076159678.fits,0.0
194681,587739707411529908.fits,0.0
259003,587726877264314838.fits,0.0
154158,587726014540480558.fits,0.0
225982,588017991239794937.fits,0.0
235100,587742629069128028.fits,0.119999997318
28460,587745540508745734.fits,0.180000007153
18931,587731872850379144.fits,0.0189999993891
138810,587722984429387955.fits,0.0
69015,588017604674977955.fits,0.0
217410,587736543098568872.fits,0.0
255870,587733432998297780.fits,0.0399999991059
105103,587728307494453470.fits,0.0
244328,587733397572616246.fits,0.0
170405,587738952032125108.fits,0.0
93212,588017110217523309.fits,0.0
105109,587733080273649670.fits,0.0309999994934
193964,587733604257038512.fits,0.103000000119
148368,587732772672176302.fits,0.0
25377,587735348013236407.fits,0.0
33038,587741709938983181.fits,0.0
37182,587737825144078494.fits,0.0
258019,587725492137558319.fits,0.0
4117,587724233715089659.fits,0.0
152774,588017725480108223.fits,0.536000013351
183860,587726032263512180.fits,0.111000001431
173014,587739707943878792.fits,0.0
241836,587739815317864487.fits,0.0
260570,587727213348520295.fits,0.0219999998808
32253,588016841248604399.fits,0.107000000775
693,587730773353300108.fits,0.0
78547,587742061063110861.fits,0.0
203721,588023721246720248.fits,0.0
235952,587739707957051710.fits,0.0670000016689
231786,588007005263298916.fits,0.0
150231,587735667449397464.fits,0.0
109815,587739097523617929.fits,0.0419999994338
24297,587741421099024781.fits,0.0740000009537
101693,587741600416792702.fits,0.0
24991,587732470386327690.fits,0.0
230851,587736915149324848.fits,0.0
65390,587745243629617322.fits,0.0
124259,587739406781776017.fits,0.0
242087,587733410993799412.fits,0.0
145355,587733196770705509.fits,0.0
151730,588017947208908881.fits,0.0
177038,587742551213801499.fits,0.0
18594,587738947733094738.fits,0.0
137988,587733079740842177.fits,0.0
155829,587722983896318174.fits,0.0
144131,588017978896220254.fits,0.0
143,588015508732838032.fits,0.0
5046,587727229447831665.fits,0.0
59996,587741816782520525.fits,0.0869999974966
220048,587729776914858255.fits,0.0240000002086
102361,587732484357095596.fits,0.0
82636,587731501335642198.fits,0.0
203484,587735666383126669.fits,0.0
159261,587742774030893109.fits,0.0
89644,587739098057015416.fits,0.0
131289,588017566027677853.fits,0.0
248445,587729652347896026.fits,0.116999998689
260257,587727213347865030.fits,0.148000001907
249497,587733397574517025.fits,0.0
197056,587736477592649757.fits,0.0
155715,587741602037956701.fits,0.0
48672,587739376701603999.fits,0.0
136084,588017703471611920.fits,0.202999994159
75745,587731500797722791.fits,0.0
211629,587742062701248818.fits,0.0
146337,587742013825155088.fits,0.0
111614,587724648719188275.fits,0.0
120901,587732772129210459.fits,0.103000000119
110110,587741532251029677.fits,0.0
113050,587726031174172783.fits,0.0
87998,587732578849390733.fits,0.0
259657,587727222470672469.fits,0.0289999991655
137232,588011123577847951.fits,0.019999999553
185318,588017116664365198.fits,0.0419999994338
56180,587742567318683841.fits,0.0340000018477
180465,587729777443340455.fits,0.0
38233,587725980154855550.fits,0.0
179288,587722984438366382.fits,0.0
138299,587741600960741470.fits,0.0
196563,587739132958015678.fits,0.0340000018477
143577,587739719753728151.fits,0.0
258418,587726877798301756.fits,0.0170000009239
256710,587725504483295458.fits,0.0
128202,588017948278587572.fits,0.0
215288,587739844851597540.fits,0.0
1457,587724199885013129.fits,0.0
80727,587732771852058697.fits,0.296000003815
14773,588013383257686454.fits,0.541999995708
248455,587742550156050877.fits,0.0
130214,588017728689209452.fits,0.0
4413,587727180605423723.fits,0.0
77299,588016890640269474.fits,0.0
175666,587742629056282803.fits,0.0
12218,588016840167522730.fits,0.0
160573,587738574608203830.fits,0.0
152464,587738572996280505.fits,0.0
162204,587741726049108074.fits,0.0750000029802
229460,587739381532066052.fits,0.0
125299,588010359625023631.fits,0.0
190448,587735696452091997.fits,0.0
146200,587742190446248155.fits,0.0
214963,587739407335948456.fits,0.0
214189,587739828207550647.fits,0.0
40346,587741421640548521.fits,0.0
190587,587739846457098444.fits,0.0359999984503
4648,587724232105263263.fits,0.019999999553
33925,587738195046170771.fits,0.0
8211,588015508215496859.fits,0.0
238491,587729228226101395.fits,0.0
183467,588017604693721165.fits,0.0630000010133
112560,587732482747859097.fits,0.0
35359,587732053780463862.fits,0.0
215223,587729748448182892.fits,0.0
125455,588010877687300220.fits,0.0
19265,587725775071477878.fits,0.0
147425,587733196234096696.fits,0.344000011683
188083,587729972323483878.fits,0.0
260668,587726879415861652.fits,0.0
131888,587739608628461665.fits,0.0670000016689
206770,587736941449183456.fits,0.0
112138,588010360696012978.fits,0.0
94008,588023668091781226.fits,0.0590000003576
210856,587729159517634841.fits,0.0
176995,587742593085472926.fits,0.0
90686,587739647282053260.fits,0.0
159047,587733410979512402.fits,0.0
172498,587736584425439368.fits,0.0
200850,587736942521549010.fits,0.0
190728,588017978367803503.fits,0.0450000017881
36719,587741709939966037.fits,0.0
169797,587742550138683495.fits,0.0379999987781
86262,587732135380910190.fits,0.0
153405,587739097531285620.fits,0.0
234043,588017978376651049.fits,0.019999999553
117390,588295841786495168.fits,0.082999996841
241888,587736941993328984.fits,0.0
214077,587736545775911200.fits,0.308999985456
68268,587738409253929083.fits,0.0
238879,588017978377633888.fits,0.153999999166
167951,588848900997841192.fits,0.0
220838,587739845389451626.fits,0.125
84893,588010359079502005.fits,0.0
243511,588018091082252625.fits,0.0
5028,587727178459447469.fits,0.0289999991655
165217,587736543087493301.fits,0.0570000000298
103597,588295841247723639.fits,0.0
205180,587739457763737821.fits,0.0
70298,587732482204369001.fits,0.0450000017881
223566,587736916221297158.fits,0.0
261953,587730773340520579.fits,0.0329999998212
134099,588298664648638554.fits,0.0379999987781
19957,587735236882858280.fits,0.0
176307,588298662507774148.fits,0.0
48056,587745243624505467.fits,0.0
67050,587735661014024319.fits,0.0240000002086
61203,587741491438813257.fits,0.0
242860,587733411530670391.fits,0.0
262384,587730773878505773.fits,0.0
237434,588017978914111690.fits,0.0
105991,588017112367104063.fits,0.0
25962,587734622704042245.fits,0.0
111562,588017567097356415.fits,0.0
140906,587738570317299880.fits,0.0
132781,587738569778593991.fits,0.0
195760,587739811026370830.fits,0.0
86427,587738946677047446.fits,0.0
243964,587739809963180352.fits,0.0
219377,588848901008851318.fits,0.0
226447,587726101492728108.fits,0.0340000018477
98694,587728310177431695.fits,0.0
158050,587739507160187002.fits,0.0
101218,587732483820093568.fits,0.0
250448,587736586052633016.fits,0.116999998689
188876,587736915140477220.fits,0.0
94112,588010358544597113.fits,0.0
209900,587736585506128108.fits,0.0439999997616
127846,587742577516347410.fits,0.0
44910,587741420568117371.fits,0.0
165984,588017115587608679.fits,0.0
4436,587727180605423757.fits,0.0140000004321
125032,587732134849282165.fits,0.0
84476,587738615949820068.fits,0.0
138805,587722984429387944.fits,0.0750000029802
148462,587742062688206994.fits,0.0
136745,587741532792881282.fits,0.0
182485,587739609175031857.fits,0.412000000477
106656,587738618101497950.fits,0.0
9789,587738195036209457.fits,0.0
99619,588017566021124198.fits,0.0
14412,587728668803465549.fits,0.0
30148,587738066197938338.fits,0.0
85944,588017703997866013.fits,0.187999993563
221,588015509806776450.fits,0.0179999992251
169121,587733424405872693.fits,0.0
139215,588017627231158434.fits,0.0240000002086
44991,587735241715417231.fits,0.0
267257,587727221413118197.fits,0.0
39899,587732154176241785.fits,0.0
67843,587728949049950366.fits,0.0
168752,587742550138421435.fits,0.128999993205
186043,587729159512326252.fits,0.0
254468,587733608557707545.fits,0.0419999994338
210496,587736477595467899.fits,0.354999989271
150416,588017570851061813.fits,0.0
75295,587732482205220899.fits,0.0
87413,587739648355205227.fits,0.0
147033,588848899382771900.fits,0.0
109397,588017726007607386.fits,0.273000001907
187579,587742576992190583.fits,0.0
109636,587738569237004459.fits,0.0430000014603
256803,587729751675372124.fits,0.0
197185,587726031729655814.fits,0.0340000018477
247310,587725993035432304.fits,0.363999992609
18181,587744873711600007.fits,0.0
83383,588017626685505583.fits,0.0
75225,588016890639941781.fits,0.300000011921
143735,588013382209765508.fits,0.0
32271,587745401997295705.fits,0.296000003815
119930,587741708885622926.fits,0.0
22937,587728666654081277.fits,0.0570000000298
172914,587726015618285671.fits,0.0
93538,587732134308085921.fits,0.0
119958,587742188830195903.fits,0.082999996841
127884,588010879835308154.fits,0.01600000076
156715,587739507159990339.fits,0.0
72098,587726033849417915.fits,0.0
242753,587739815854866672.fits,0.0
231493,587736753540104281.fits,0.0370000004768
255229,587736919976509754.fits,0.0
5492,587724233181036695.fits,0.0
109366,587742061606535350.fits,0.0
139035,587725041170645081.fits,0.0309999994934
34244,587725470133649653.fits,0.0
229514,587742611346948260.fits,0.310000002384
185310,587729159512129673.fits,0.0
258624,587730846350574517.fits,0.0
117172,587726033859379354.fits,0.0
125899,587722984426504308.fits,0.0
221203,587733429774057590.fits,0.0
84196,587731869093068978.fits,0.0
192256,587726032802283715.fits,0.0329999998212
160645,587735430155534486.fits,0.0
14448,587737808494395515.fits,0.082000002265
32819,587732578834448621.fits,0.0
153194,588017991224197176.fits,0.0540000014007
103706,587733081347194982.fits,0.0
71052,588295842853421179.fits,0.0
81066,588017627758919769.fits,0.0
127424,588295841251000398.fits,0.0
9752,587737809027138031.fits,0.0
162072,587735666913968307.fits,0.0
97333,588017722251083878.fits,0.0
98785,587742572149080091.fits,0.0
138711,588017625083609184.fits,0.0
266679,587727179521589378.fits,0.0
52480,587741532775317632.fits,0.0
176033,588017606302761090.fits,0.0
142203,588017605223776370.fits,0.0
224587,587739811569008886.fits,0.0
46494,587728880334405838.fits,0.0
152912,587741722825195653.fits,0.216000005603
141637,588298661965529232.fits,0.0
119196,587731868560720022.fits,0.179000005126
222994,587725818034127037.fits,0.0
78935,588017625610780887.fits,0.0
174,587730773352317074.fits,0.0
204075,588017948828827812.fits,0.0
199765,587742551755653343.fits,0.0
247523,587742550692528412.fits,0.0
31222,587739158720217203.fits,0.0309999994934
91679,588017720102551720.fits,0.0
192675,587739811025780890.fits,0.0
135545,587741601497022750.fits,0.0170000009239
14731,587725774532509953.fits,0.0
265884,587727875842572442.fits,0.0
145413,587733081352503392.fits,0.266999989748
28363,587728668271509651.fits,0.0
88946,588017627223425169.fits,0.0
20276,587725551196897456.fits,0.0
165919,588017725482991918.fits,0.0
100246,588017947737325734.fits,0.0
58615,587741533313892466.fits,0.0
20761,587731873388167445.fits,0.0
78632,587731500261179513.fits,0.0
134145,587741723358265477.fits,0.0
111192,587728307495698545.fits,0.0179999992251
96720,588010358545187046.fits,0.0
76715,587741708340035833.fits,0.0
94502,587738946678423671.fits,0.0280000008643
150803,588010880377421940.fits,0.0
123709,588013383817560217.fits,0.0
265042,587727178444832905.fits,0.0
3505,587724233714171917.fits,0.0740000009537
149968,587732771061891224.fits,0.0
148605,588848900456841312.fits,0.0
247567,587736585514713519.fits,0.273000001907
92725,588017702925500539.fits,0.0
175072,587729773683540183.fits,0.0280000008643
202082,587742061625672005.fits,0.0299999993294
198350,588848899394044163.fits,0.0260000005364
3772,587724232103952576.fits,0.0
132338,587739305291808941.fits,0.0
210846,587739719767228559.fits,0.101999998093
258743,587727213880607138.fits,0.128999993205
240946,588018055123763362.fits,0.0
121708,587738569239429297.fits,0.0
176373,587736809376383110.fits,0.0
257838,587725575888896190.fits,0.0149999996647
186871,587739406793637929.fits,0.0
205804,587726032805232902.fits,0.0610000006855
222215,587736915147292972.fits,0.0189999993891
236406,587742616172167535.fits,0.0289999991655
143832,587742903938908310.fits,0.0
16688,587731873923662220.fits,0.0
244738,587736781997801647.fits,0.0289999991655
36082,587732771034431733.fits,0.0
41308,588009366935568497.fits,0.0
228667,587736619322769501.fits,0.0
178619,587733397560164521.fits,0.0
239384,587735744226984112.fits,0.0399999991059
81111,588848901515575450.fits,0.0
194584,587736477055254640.fits,0.0
207489,587736546311536955.fits,0.0
151660,588017979434270959.fits,0.0
234162,587733604263985264.fits,0.0
248469,587736899576856800.fits,0.0
246948,587736919971725791.fits,0.0
118250,588017721717555368.fits,0.0
238761,587739828749730193.fits,0.0
88254,588017947198423149.fits,0.0179999992251
195027,588017990696501418.fits,0.0189999993891
217555,587739721378824418.fits,0.0
242293,587735744227704946.fits,0.0
82113,587741816250892535.fits,0.0
264389,588015508994588857.fits,0.0
131417,588017565490872473.fits,0.0619999989867
68937,587739646740660284.fits,0.0
35648,587735241175924953.fits,0.0
122851,587742773486289006.fits,0.0299999993294
258435,587727213341836037.fits,0.0
260247,587730847428968484.fits,0.0
83712,587739098592772131.fits,0.0
143700,587739721901211734.fits,0.0
168851,587742575914451048.fits,0.0
266310,587730774960242873.fits,0.0
105725,588017111293296655.fits,0.0
189723,587742610801819877.fits,0.0
174072,588017114515177534.fits,0.0379999987781
28044,587741422174077197.fits,0.0
135637,587738570852991144.fits,0.0710000023246
265842,587727875842506764.fits,0.0
102784,587733080273322124.fits,0.0
49850,587732577765621926.fits,0.0
240840,587739167310807244.fits,0.20000000298
208912,587736584969191709.fits,0.0
86925,588017978349584489.fits,0.0
72726,588017978346831995.fits,0.0
11189,587728906635837540.fits,0.0299999993294
73451,588017702921175136.fits,0.0
35607,587741816775377210.fits,0.0
212523,587739844314267843.fits,0.0
1230,587731185669636133.fits,0.20000000298
261439,587730817358758028.fits,0.0
220113,587736915683705123.fits,0.0
109138,588017948275638424.fits,0.0
233053,587735743688802706.fits,0.0340000018477
109284,588017567633768573.fits,0.0
167214,587739811020537945.fits,0.0
132908,587741722284327044.fits,0.0
160450,587742551210393789.fits,0.0
182411,587736478126178505.fits,0.0
168503,588017725483581572.fits,0.0
63137,587742567320518884.fits,0.0
132818,587733080277057618.fits,0.0
170738,588848901535301867.fits,0.0170000009239
243543,587736919970677090.fits,0.0
75125,588017979958034601.fits,0.159999996424
182108,587732482221342843.fits,0.0
84964,587742061064618148.fits,0.0
95695,587726031707242750.fits,0.0
220049,587733442656010535.fits,0.0939999967813
114948,587739405706395908.fits,0.0
11414,587725775067742607.fits,0.0
174353,587733080819368121.fits,0.0
27675,587725471206080731.fits,0.0
229312,587736916222607756.fits,0.0
183255,587739458832826518.fits,0.0
14013,587732157926211997.fits,0.0
130842,588017627766653046.fits,0.0
160324,587738572997656691.fits,0.0619999989867
55632,587745402004242535.fits,0.0280000008643
8831,587731512084004993.fits,0.0
81172,587741600949469248.fits,0.0
217914,587735489214218372.fits,0.0
72891,587734948594319486.fits,0.151999995112
258329,587725578037100759.fits,0.0170000009239
113343,588017111294345308.fits,0.0
155465,587722981748768939.fits,0.0
81693,587732701256351887.fits,0.0
153427,587742061078642769.fits,0.0
115195,588017606293323874.fits,0.0
70189,588017979957051419.fits,0.0430000014603
226097,587739845927501863.fits,0.0370000004768
164381,587741727660114062.fits,0.0
198253,587733429233909867.fits,0.0230000000447
71811,587728879804874941.fits,0.0
31178,587732054853288157.fits,0.0
127114,588017111833182222.fits,0.0
2012,587724232100937914.fits,0.0
171316,587742577525457035.fits,0.136999994516
84138,587746209447346317.fits,0.0270000007004
204683,588848901006032963.fits,0.0
106901,587732702872600767.fits,0.0
200270,588298661975359559.fits,0.153999999166
196911,587736915142181153.fits,0.0
121570,588010879297126516.fits,0.0410000011325
218052,587736975808987289.fits,0.0340000018477
248495,587735743692996864.fits,0.0649999976158
221371,587726100954677596.fits,0.0
151745,587742550134882465.fits,0.0
176089,588017606302826559.fits,0.0
131537,587738569778331779.fits,0.0
26442,587744638565286138.fits,0.518999993801
187069,587729158975717488.fits,0.0
110083,587742571077632153.fits,0.0
115422,587742061070844013.fits,0.0
60960,587732583125418310.fits,0.0
44952,587738947204088013.fits,0.0
166534,588010877696475315.fits,0.0
84782,587742568936439853.fits,0.0
140782,587742013286973594.fits,0.0
22079,587741532766142675.fits,0.0
259414,587727214956445914.fits,0.11400000006
105593,588010879293784198.fits,0.0
143865,587736802934325354.fits,0.0
5757,588015508207304827.fits,0.0
66169,587742060523487441.fits,0.0
255768,587729653962899841.fits,0.0
45580,587735662082064633.fits,0.0
264055,587731185660002444.fits,0.0
223435,588017978910769274.fits,0.0
250248,587729408077791552.fits,0.0
229995,588017979449147591.fits,0.0
30299,587738946662957307.fits,0.0
221198,587735665312399516.fits,0.0
186081,587736941981925605.fits,0.0
73415,587732580979638433.fits,0.0299999993294
40709,588023240207237261.fits,0.0
213999,587733441044873406.fits,0.0
222249,588007006334943294.fits,0.0
244415,587736897965261116.fits,0.0
165794,587739407326380155.fits,0.0
169652,587729158434914466.fits,0.0
50909,588016891708113000.fits,0.0
83081,587741816251154448.fits,0.323000013828
190985,588017991769391270.fits,0.0
100541,587739607549018227.fits,0.0689999982715
33400,587737825680425083.fits,0.0
122205,588010879297257569.fits,0.0
233836,587736543102304631.fits,0.0
103550,587742014353244249.fits,0.0189999993891
120581,587739096451645532.fits,0.0219999998808
171299,588017115051589686.fits,0.0
53359,588016891708833895.fits,0.0
217699,588017979983200421.fits,0.0
48258,588848899359178921.fits,0.0
221681,587729158982860929.fits,0.0
103781,587726031172206765.fits,0.0
89714,587742013813555344.fits,0.0
76257,587738409255698612.fits,0.0
173980,588017725484630253.fits,0.273000001907
31956,587732702316462096.fits,0.0289999991655
473,587730774426648725.fits,0.0
94146,587725550672871529.fits,0.0
170633,587739721906258085.fits,0.0
47608,587745244698181925.fits,0.0
48112,587734690352988348.fits,0.0
83498,587739295087067245.fits,0.0
122735,587735696443310211.fits,0.0
151767,588017726553653335.fits,0.0329999998212
201976,587736477056827490.fits,0.0
263431,587727222478995747.fits,0.0
157512,587742013827252289.fits,0.0419999994338
200417,587733429234237590.fits,0.0289999991655
194576,588017703484391495.fits,0.0
247948,587736619864555673.fits,0.0
37685,588297865252634783.fits,0.0
164988,588011123044057125.fits,0.0
74433,587732135916011683.fits,0.127000004053
142026,587742904475320383.fits,0.388999998569
123573,587735696980312161.fits,0.0
250402,587739845396988480.fits,0.0
194155,587739845920948374.fits,0.0
112396,588017704540373069.fits,0.0
45800,587739407301935235.fits,0.0
185092,588017604157243530.fits,0.107000000775
3036,588015508738801743.fits,0.0
41235,587742062663631107.fits,0.0
81859,587734949670158457.fits,0.0
147009,587742575373123742.fits,0.0370000004768
177049,587736523760730333.fits,0.5
250479,587735743693848946.fits,0.0340000018477
264487,587730817365901477.fits,0.0
153807,587729386082533510.fits,0.0
49403,587734622710792236.fits,0.0
4472,587731513143066727.fits,0.0
56954,587741489290084478.fits,0.0
159406,587739719756742752.fits,0.01600000076
247725,587736976352936007.fits,0.0
237496,588018090544070888.fits,0.0
147202,588017702400491649.fits,0.137999996543
44980,587744727687889068.fits,0.0
95693,587728309639839870.fits,0.0
72442,587734861611204737.fits,0.0270000007004
226663,587726015092949382.fits,0.0
13394,587738196651540694.fits,0.0
197716,587735694842855536.fits,0.0
36134,587725550664220860.fits,0.0
82419,588010360689524889.fits,0.192000001669
210551,587739810492645657.fits,0.181999996305
242230,587729228226822398.fits,0.0
189944,587726031728083163.fits,0.0
217053,588018055118520531.fits,0.0
141667,588017721184485514.fits,0.0
44709,587741490897092756.fits,0.0
165558,587736542550687933.fits,0.0
232979,587742611347800430.fits,0.0
30396,587732054853026069.fits,0.0
113771,588017723860975671.fits,0.0
15574,587727867256308040.fits,0.0270000007004
205849,587739828205977788.fits,0.0309999994934
187103,587742549605548208.fits,0.0
170844,587742060545310895.fits,0.0
138082,587738570853515373.fits,0.0
245162,587733610162618555.fits,0.0
134360,587733081350930550.fits,0.0
137204,588848900991025274.fits,0.0
5784,587724198819528759.fits,0.0149999996647
179116,587730022251298966.fits,0.0
101571,587738410335142007.fits,0.0
35644,587732054854598870.fits,0.0
191640,588017978904739973.fits,0.0
54313,587734948052467919.fits,0.0
7521,587724240151052371.fits,0.0
210702,587726100415840431.fits,0.0
2841,587727179529257099.fits,0.0
23213,587732054850797749.fits,0.0560000017285
204039,588017948292022413.fits,0.0
31928,587725979616411896.fits,0.0
110640,587731868022800561.fits,0.0
249824,587736919436099731.fits,0.0
234209,587736620397691161.fits,0.0
184685,587739707409432643.fits,0.0
219158,587729159519207705.fits,0.0
241539,587739707421491323.fits,0.0
259710,587727213883752951.fits,0.0
43527,588009365862088758.fits,0.0
98370,587734891675648091.fits,0.0
123145,587739505006215206.fits,0.0
77783,587728950125920557.fits,0.0
164014,587729386620518616.fits,0.632000029087
161877,588011216987553917.fits,0.0170000009239
88459,588013383812907135.fits,0.0359999984503
35526,587731886814331088.fits,0.0
39913,587741391569092997.fits,0.0149999996647
45410,587728931881812188.fits,0.0540000014007
107411,587731870169956561.fits,0.0
93785,587741600952025284.fits,0.0
97765,587741707807555788.fits,0.0
252497,587736619866849477.fits,0.0
155213,588007004716662965.fits,0.0
122551,587729386615799950.fits,0.0
157929,587739098068877391.fits,0.0379999987781
92915,587741531710816468.fits,0.0
85307,587732771047866470.fits,0.0340000018477
235730,587736915150503983.fits,0.0
262476,587734303805407664.fits,0.0689999982715
166821,587729387694522507.fits,0.0
38818,587725552275882201.fits,0.0500000007451
134676,588298664648704193.fits,0.0
97833,587729386076176389.fits,0.275999993086
155107,588017704549548095.fits,0.143000006676
139371,587742902864052306.fits,0.0
114367,588017702930153521.fits,0.0359999984503
174602,587736523760206011.fits,0.0
211570,587732483300130856.fits,0.0140000004321
124941,587722982815694957.fits,0.388999998569
19868,587728665578766438.fits,0.432999998331
194461,587728918985375911.fits,0.0370000004768
147775,587729387155554433.fits,0.0
40504,588016878294859908.fits,0.0320000015199
254389,587733398114468041.fits,0.0
167515,587735695912009805.fits,0.218999996781
249804,587736753545150667.fits,0.0
70546,587728309634072728.fits,0.0
160009,587742774031089851.fits,0.0
228484,587736585509863438.fits,0.0260000005364
112162,587741707810373728.fits,0.0
184671,588017990157336694.fits,0.0270000007004
146290,587742190446313605.fits,0.0659999996424
9217,587724242308235423.fits,0.0
249241,587739814246547893.fits,0.0
133280,588023669173584097.fits,0.84399998188
165279,587739407326249101.fits,0.0
109922,587734893288751224.fits,0.0
53042,587732050020532273.fits,0.0140000004321
200926,587742577531879514.fits,0.0
244313,587736477602808323.fits,0.0359999984503
149129,587729158967328888.fits,0.0
190902,587736542019453087.fits,0.0
165629,588017704551841912.fits,0.0
69405,588009370684883097.fits,0.0
108781,588017726007476348.fits,0.0320000015199
182149,588011219137134783.fits,0.0
195618,587739406795341869.fits,0.0
121640,588017723862614029.fits,0.0
211960,587726102563455149.fits,0.0
211799,588017627780415498.fits,0.0
145116,587725551214198930.fits,0.112999998033
529,588015508196753490.fits,0.0
249384,587729233051255052.fits,0.0419999994338
140887,588013384356724854.fits,0.0
117600,588017719569940508.fits,0.0320000015199
144269,588848901529665663.fits,0.0560000017285
139834,587726031716876458.fits,0.0
225749,587725816424628351.fits,0.0
70248,587731499186061467.fits,0.0
248625,587733398110863579.fits,0.0379999987781
110315,587725041701290146.fits,0.0
211974,587726100416036980.fits,0.0
156522,587732590645870690.fits,0.0
39412,587739115242258660.fits,0.0
91501,587732770512306319.fits,0.0
135798,588017723865694370.fits,0.0430000014603
244392,587739815855325416.fits,0.0
163320,588017702403899406.fits,0.0670000016689
155058,588017712582819979.fits,0.0
213387,587739844314398956.fits,0.0
239115,587742628533109056.fits,0.0
104855,588017566022238372.fits,0.0399999991059
101959,588295841247461523.fits,0.0
44324,587738196659077271.fits,0.0
15841,587741387809620056.fits,0.0
209992,587739809418969174.fits,0.291999995708
188699,587739720299512029.fits,0.0
124577,587726016681345128.fits,0.0
114527,587724649256714421.fits,0.0
255164,588018254302544213.fits,0.0
38177,587734949121163505.fits,0.0
169713,587735430156910851.fits,0.0
192781,587742609728798744.fits,0.0329999998212
100523,587739305286369348.fits,0.0
20200,587742009506791856.fits,0.0
212062,587739706341458110.fits,0.101999998093
267116,587727227300151488.fits,0.0570000000298
195910,587726102023241905.fits,0.0
114493,587742188829147258.fits,0.0
66783,588017703456538681.fits,0.0
93049,588017720639684734.fits,0.0
40260,587739114168582209.fits,0.0850000008941
85421,587732771047866525.fits,0.0
89356,587739609157599253.fits,0.0
174024,588007003645018231.fits,0.0
139742,587742775637311549.fits,0.0
148957,588848899920035958.fits,0.0
192103,588298662510657789.fits,0.0
90568,587731500799754416.fits,0.0
181118,587739707945517251.fits,0.0
237272,587735664779264022.fits,0.0359999984503
48843,587732153104793730.fits,0.0439999997616
212351,588007003649998869.fits,0.256000012159
106125,587742062679687305.fits,0.0
126607,587738952292696129.fits,0.0
1071,587727226765967493.fits,0.0
6752,588015508746076285.fits,0.0
261159,587727212813091083.fits,0.0
58351,587731522285600858.fits,0.0
113049,588010877684744309.fits,0.0
82390,587742572145541361.fits,0.0
200108,588017947754496215.fits,0.0
227939,587742627993747815.fits,0.0
2340,587724232638201976.fits,0.0
232520,588017977839452422.fits,0.0260000005364
136302,588017571384721581.fits,0.0
233349,587736919968252143.fits,0.0
157558,587738575144485047.fits,0.0
262073,587726878882725948.fits,0.0359999984503
160373,587739709015130219.fits,0.0
113112,588017726545199274.fits,0.0
178524,587722982290686147.fits,0.0
48233,588016892244197456.fits,0.0
51316,588297863645626503.fits,0.0
44105,587741422178664667.fits,0.0
74041,587728880879141002.fits,0.0
57992,587742062668873879.fits,0.0790000036359
31156,588016841248276724.fits,0.151999995112
84807,587733079197024378.fits,0.0
216519,588017992311439653.fits,0.0
82533,588017703997079610.fits,0.0250000003725
140871,588017723866874033.fits,0.0
107594,587733079737041011.fits,0.0
40751,587732577762672969.fits,0.0
15672,587738371669426674.fits,0.0
242374,588007005265526847.fits,0.0
204424,588017978907230436.fits,0.0
119335,587731868023849126.fits,0.0289999991655
73752,587741532780691576.fits,0.0299999993294
66428,587728949049557247.fits,0.0
166835,587736586035003415.fits,0.115000002086
104763,587731889503076508.fits,0.0
255489,587733432461295944.fits,0.0
129283,587741532791439464.fits,0.0
228556,587726015093408026.fits,0.0
211,587727226764394571.fits,0.0
235365,587742590404329684.fits,0.0320000015199
241887,587730022801736142.fits,0.0209999997169
128639,587735694833418331.fits,0.0
131437,588017947205369958.fits,0.0
126307,587732590105526466.fits,0.0
12696,588007005768319225.fits,0.0649999976158
191729,587742628523081788.fits,0.0790000036359
162910,587732591720267977.fits,0.0
250033,587736920509645063.fits,0.0
293,587727180597624973.fits,0.0
176766,588010879846056174.fits,0.0370000004768
111915,588017110757277811.fits,0.0
110711,587732136994996302.fits,0.0
29067,587741708863865180.fits,0.0
121663,588010359624237268.fits,0.0
107960,587732702872797413.fits,0.0
40953,587735343722594607.fits,0.0
208897,588017115595014345.fits,0.0
139332,588017722257768584.fits,0.0
58862,587745243090845884.fits,0.0
260150,587727214421410300.fits,0.0
245670,587739845395349825.fits,0.153999999166
98718,588017702390005857.fits,0.0
142395,587732770523316403.fits,0.0289999991655
203215,587739719765721193.fits,0.0
243966,587739406805762069.fits,0.11400000006
156152,587739505012506701.fits,0.0
223119,587739379920208077.fits,0.0309999994934
266933,587730773887942898.fits,0.0
52668,587734949125751075.fits,0.082000002265
230718,587733399179427989.fits,0.0
186227,587726100410532043.fits,0.0240000002086
76353,587741830728843403.fits,0.0189999993891
238639,587735744226787591.fits,0.0579999983311
198644,588848901004722337.fits,0.0
31313,587732771569991971.fits,0.0209999997169
91398,587732772659855450.fits,0.0
40708,587735042541748414.fits,0.0
248804,587736899576987995.fits,0.0
263951,587734304882098403.fits,0.0
714,587731187279134981.fits,0.0
194276,587728917375090814.fits,0.0
58468,587726033845747856.fits,0.0
55476,588013384344010786.fits,0.0
71028,588016891176091778.fits,0.0
112751,588295840712097901.fits,0.0
233475,587736976349266186.fits,0.0649999976158
96363,587735347495174233.fits,0.185000002384
61977,587735661549650109.fits,0.097999997437
31667,587731887350284565.fits,0.0
90162,587739646745051267.fits,0.0
37248,587725469597302975.fits,0.0
166544,587739506625019969.fits,0.0
164813,587742062154678434.fits,0.0
95054,587732583130136762.fits,0.0
14815,587741816768889103.fits,0.0359999984503
1167,587731187280117820.fits,0.0
240365,587736942529740846.fits,0.0
8749,587731512083611881.fits,0.0
114900,588010359622861026.fits,0.0170000009239
142908,588848898844917940.fits,0.107000000775
235277,587736586048241886.fits,0.0430000014603
142001,588017725477748910.fits,0.0
123071,587741602568339580.fits,0.0
229224,587733411527524551.fits,0.0
74940,587741709950451850.fits,0.0
54644,587731868013887593.fits,0.0
218728,587736976882663708.fits,0.21400000155
218168,588017703489241100.fits,0.0
28350,587735240636760212.fits,0.0
114607,588013383279509664.fits,0.0
52660,587739647273271463.fits,0.0
234803,587739651571450068.fits,0.0
108888,587732702336123030.fits,0.0140000004321
126931,587739098063372396.fits,0.0
24382,587742009508102509.fits,0.0179999992251
116175,587735695905718411.fits,0.0
231443,587729227688050881.fits,0.0
150452,587722983895204043.fits,0.0379999987781
94965,588013383276822743.fits,0.0
53186,587738065665261712.fits,0.0289999991655
128217,588017948278587579.fits,0.0
129658,588017626692714604.fits,0.0
205614,587736477594485005.fits,0.0
183640,587739845918720048.fits,0.43900001049
163301,587739721368010884.fits,0.0240000002086
24850,587738566018072927.fits,0.0
241001,587736921043435811.fits,0.0379999987781
163196,587739609708167272.fits,0.0
90111,588017720102354991.fits,0.0480000004172
102257,587741710492958793.fits,0.0
129292,588017604147937387.fits,0.0
262110,587727223013179769.fits,0.0
80714,587741707804082193.fits,0.0
196597,587726031729459333.fits,0.0
199043,587742014909775877.fits,0.225999996066
226088,587739828746780877.fits,0.0
166764,587736585498132648.fits,0.0
207794,587736941449379858.fits,0.0
141887,587738950416465958.fits,0.097000002861
112959,588017704003633245.fits,0.194000005722
174583,587742060546031754.fits,0.0
212336,588017115595604107.fits,0.0
223736,587736619321655535.fits,0.216000005603
220663,587736977419862201.fits,0.0
71358,587735660478005389.fits,0.0340000018477
188349,588017711514255530.fits,0.0
218313,588017991774961851.fits,0.0
167574,587732591720792230.fits,0.0
176400,587739811022241874.fits,0.0710000023246
39620,587742061052363029.fits,0.0
45054,587744728761761895.fits,0.421000003815
246017,587729228227871077.fits,0.0
23962,587737825677869309.fits,0.0
32420,587738196657111251.fits,0.0
51683,587734948051615982.fits,0.0
196829,587739827130400940.fits,0.0
46194,587725470673338467.fits,0.166999995708
241564,587736916762231163.fits,0.0359999984503
34364,587745243620573286.fits,0.0
194460,587739809415692412.fits,0.0
162858,588848901533663319.fits,0.0
106882,588017719568236699.fits,0.0
197252,587726033877074189.fits,0.0790000036359
122898,587732590642069708.fits,0.111000001431
20370,587731680113852706.fits,0.0179999992251
39196,588010136802885830.fits,0.0209999997169
120477,587739304216035436.fits,0.0
73249,587739376708092021.fits,0.0
246304,587739384743133434.fits,0.0
46986,588848900432462007.fits,0.0280000008643
110132,587734894362558587.fits,0.0
196568,587726031729459313.fits,0.0
30738,587735042539061488.fits,0.019999999553
92377,588297865264562335.fits,0.0
195058,588017712052109500.fits,0.0
131834,587731891653705861.fits,0.0340000018477
34742,587741533843882201.fits,0.0
109408,587734892214878326.fits,0.0299999993294
17249,587731680649740495.fits,0.0
28509,587741390492008718.fits,0.0
206197,587736916217954537.fits,0.0
39224,588848900430102805.fits,0.0260000005364
135350,587739303681786089.fits,0.0370000004768
105978,587739408389308533.fits,0.0
260143,587727213347733818.fits,0.0
11155,587735044142727608.fits,0.0
200212,587736916753449046.fits,0.0
181482,588017990693486741.fits,0.0
186170,587742609727357049.fits,0.0
121646,588017567636258910.fits,0.0619999989867
161185,587741600428523631.fits,0.0
191994,588848898855731476.fits,0.0
137388,588011124651589826.fits,0.0
31053,588016879366308038.fits,0.0
101889,587729155207004307.fits,0.0
257290,587725590381461630.fits,0.0
2373,587727180065013845.fits,0.0
91287,587732136992440430.fits,0.0
207468,588017626169344171.fits,0.0
7066,587724232110571633.fits,0.0
73427,588017627757543593.fits,0.0149999996647
7761,587724242299781258.fits,0.0
135710,587741532792684593.fits,0.192000001669
102238,588295841784398040.fits,0.0320000015199
214558,587739845388271951.fits,0.0
62068,587745538907832541.fits,0.0
184419,587736523762434305.fits,0.0
20205,588007005234266340.fits,0.0
189594,587733603182903454.fits,0.0
188912,587742549606006974.fits,0.0
253743,587733603734388952.fits,0.0909999981523
205076,588017116131164255.fits,0.0
70146,587735660477743159.fits,0.0
168574,587738952031797413.fits,0.0
97287,588017725468049524.fits,0.0
178554,587735696987062345.fits,0.76700001955
205374,588017115057684613.fits,0.0
233525,587739815315964115.fits,0.0
67896,587739376706977865.fits,0.0359999984503
6492,588015509282226323.fits,0.01600000076
157459,587722982822904047.fits,0.0
70199,587732583127056470.fits,0.0
201776,587739630095106139.fits,0.0
11715,587734840667603337.fits,0.0
67907,587741708338200833.fits,0.0359999984503
135612,587739609702924373.fits,0.181999996305
242506,587739827676971301.fits,0.0260000005364
134724,587732134313722038.fits,0.0
112503,588848901522522264.fits,0.0
232251,587742550688792994.fits,0.0
182293,587729777443799162.fits,0.0
33932,587741709939245182.fits,0.019999999553
64925,587742060523094113.fits,0.0
151921,588007006326882396.fits,0.0
127060,588013383281082509.fits,0.0
111374,587741489301749907.fits,0.0
267197,587730775498883282.fits,0.0
53388,587739646199660691.fits,0.0
252245,587736753546527083.fits,0.0
39436,587732701781426383.fits,0.0
209010,587733428162068618.fits,0.0
38470,588848899356164418.fits,0.0
146900,588017571387211956.fits,0.0
89656,588017627223556178.fits,0.0
122655,587725040093298701.fits,0.0
113387,587726015605244036.fits,0.0
84108,587742775088906331.fits,0.0289999991655
217573,587739811030761519.fits,0.0
78157,587735660479184982.fits,0.019999999553
25175,587735043611361414.fits,0.0
69068,587734948593467533.fits,0.0340000018477
245774,587736584977383848.fits,0.0
215321,587736618783277182.fits,0.082999996841
114404,587732484358733969.fits,0.0
172458,588017979974680640.fits,0.0
184438,587739720835399813.fits,0.0529999993742
201584,587733428697694296.fits,0.0
58800,587735348023132347.fits,0.0
87744,588017721175769165.fits,0.0
22093,587735043610378404.fits,0.0
27414,588023046399459554.fits,0.0
187676,587742549605679252.fits,0.0
37103,587735344795418897.fits,0.0
205478,587736546847949173.fits,0.0
197361,587733605867847888.fits,0.0
104226,587741602027929793.fits,0.0
118749,587739609699844211.fits,0.0
138494,588848900454416447.fits,0.0
9148,587727180085657767.fits,0.0
260968,587730774948446605.fits,0.0
110328,587732135384252538.fits,0.125
115528,587739304752054391.fits,0.0
146601,588017729766752408.fits,0.0309999994934
222566,587733398104178865.fits,0.0
173889,587736525370622204.fits,0.0
160739,587729773680525466.fits,0.0
13401,587732156314747278.fits,0.513999998569
162772,587738574071791749.fits,0.0
146762,588010878766022725.fits,0.019999999553
123525,587742014893981832.fits,0.0
47915,587737809577312357.fits,0.0
100174,587738616489640058.fits,0.0
159056,587732484901896239.fits,0.0270000007004
102887,587741533860397110.fits,0.0
170628,587739720832581808.fits,0.175999999046
41483,587725470135222371.fits,0.0
232306,587742627994861796.fits,0.0
232202,588017991778107659.fits,0.0299999993294
143080,588017730839642236.fits,0.0909999981523
186964,587742191528181975.fits,0.0
204023,587736807771996377.fits,0.0
71660,587738948284973287.fits,0.0
215925,587739845388533950.fits,0.0939999967813
113233,587735695905390830.fits,0.0179999992251
253836,587736752474358336.fits,0.0
210958,587730022258245722.fits,0.0560000017285
142897,588017627768684647.fits,0.0
74288,587742774549741761.fits,0.0
145689,587742012751282716.fits,0.234999999404
53925,587732153106366590.fits,0.0
113916,587734893826408555.fits,0.0
138809,587741602034548891.fits,0.0
16147,587731680112148802.fits,0.0
170616,587742594157904010.fits,0.0
77992,587731869092085971.fits,0.0
152161,587722982284984491.fits,0.0
129945,587738569241133154.fits,0.0359999984503
106813,587735695904669790.fits,0.01600000076
109542,587733080811045043.fits,0.0710000023246
16631,587739376154837537.fits,0.307999998331
12149,587738372741923267.fits,0.0
91268,587726031169454252.fits,0.0
13389,587727867255390382.fits,0.206000000238
208907,587742012764520691.fits,0.0
106,588015508732772465.fits,0.0
31074,587738946663219419.fits,0.0
69958,587745243093860485.fits,0.0
176556,587736915137659042.fits,0.0
238902,587733609624305725.fits,0.0
213570,588017948830531677.fits,0.0
236569,587739720846409933.fits,0.0
33197,588007005238132974.fits,0.0
17095,587739153890738531.fits,0.0359999984503
51286,588023045869666421.fits,0.097999997437
207483,587735664773431424.fits,0.0359999984503
171360,587739827661897842.fits,0.0289999991655
218215,587736976345727381.fits,0.0
104273,587741600954187863.fits,0.0
75178,588017978884227183.fits,0.097000002861
211266,587739706878132325.fits,0.0260000005364
13179,587725469052371011.fits,0.280999988317
199798,588017978369507504.fits,0.0
195272,587739845921210538.fits,0.0
178921,587736543090376990.fits,0.0
142248,587733195696570470.fits,0.0240000002086
171064,588017115051524208.fits,0.0
164658,587742551211311142.fits,0.0260000005364
228134,587739406801961158.fits,0.0370000004768
148629,587729157893521520.fits,0.0619999989867
23648,587745403068547139.fits,0.0
226742,587736585509405032.fits,0.0289999991655
44502,587734623246352408.fits,0.0
162267,587726033869340858.fits,0.0179999992251
266412,587727874233139385.fits,0.0
124452,587729386079125709.fits,0.0
223987,587736584972009522.fits,0.0740000009537
189596,588848901002756300.fits,0.01600000076
104292,587732703408881794.fits,0.0
18821,587731872850313581.fits,0.0
231598,587736584437104991.fits,0.0
238984,587742551763911003.fits,0.0
238002,587736542029480309.fits,0.0
176346,588298664655061021.fits,0.0359999984503
209537,588017604161831100.fits,0.0
240195,587736618788716783.fits,0.0
11697,587734622698471794.fits,0.0
217215,587739827671335085.fits,0.0
221170,587726015091704192.fits,0.0270000007004
167270,587739407326576836.fits,0.0
158346,588011123043336306.fits,0.0
173009,588017977290653799.fits,0.0
77764,587739646742429736.fits,0.0
181319,587739607564353665.fits,0.0
222168,587735665849270661.fits,0.0
160499,587736542549573849.fits,0.0
252912,587736585517466174.fits,0.0
91988,587738410333044931.fits,0.0
235861,587736751930867880.fits,0.0340000018477
52171,587741391572959521.fits,0.0
53175,587731869624500377.fits,0.0
34796,587738948275273918.fits,0.0
171734,587739709017292938.fits,0.0
248961,587736585515237906.fits,0.0
224522,587739815850606751.fits,0.0
263685,587730817900740647.fits,0.0
246579,587742645165556176.fits,0.0
70641,587741534390780021.fits,0.0500000007451
82878,587742062137966645.fits,0.25
249042,587736920509251921.fits,0.0
219559,587736976882794768.fits,0.0
186934,587739828738851010.fits,0.0
253927,587729752745640217.fits,0.0170000009239
49687,587735344262283528.fits,0.0
141884,587738570317561947.fits,0.0
173117,588011218599215350.fits,0.0
66634,588017605748392047.fits,0.0
1871,588015508199899287.fits,0.0
227313,587725816424824932.fits,0.0670000016689
122804,588013383817429158.fits,0.0
52630,588010137343099058.fits,0.0
71417,587741533317103850.fits,0.0
186181,588018056186888265.fits,0.0
224665,587736915684688342.fits,0.0
236355,587736942528889013.fits,0.0
230957,587733398642819217.fits,0.0
247016,587742551229137494.fits,0.0
56957,588009366402236560.fits,0.0
38116,587725980154855455.fits,0.0329999998212
150546,587738574606500077.fits,0.0
163101,587729388230934627.fits,0.0
86247,587732772121805075.fits,0.20000000298
55192,587732771577069744.fits,0.0179999992251
109275,587731870170218605.fits,0.0
84288,587729388222218308.fits,0.0
60740,587732578842575102.fits,0.0
216827,587739811567435903.fits,0.0
135774,587741600423346288.fits,0.082999996841
21422,587738372745527599.fits,0.351000010967
176019,587729776368550015.fits,0.0
55744,587728881411162313.fits,0.0
66785,587734622178181313.fits,0.0
18991,587735348548206871.fits,0.5
91296,587735347494125765.fits,0.0
186626,587730021716197554.fits,0.0
212741,587739381528592549.fits,0.0
89301,587742568937422971.fits,0.0
234932,588018056195866942.fits,0.0
104132,587739304750088309.fits,0.0
32204,587732471462691049.fits,0.0
110569,588017724934062290.fits,0.0
214036,587729159518224638.fits,0.0
168187,587722983362199802.fits,0.0
208586,587729971254198276.fits,0.0
3056,587731185673306356.fits,0.0
232208,587736753003495589.fits,0.0
45640,587741816241258734.fits,0.0
160941,588011218597904558.fits,0.0
239535,587742629070045469.fits,0.0280000008643
179220,587742012758098104.fits,0.125
266514,587727222485352635.fits,0.0
227372,588017990703251464.fits,0.0
10321,587737810640109852.fits,0.0
144007,588017729229357171.fits,0.0
79530,587725475493970019.fits,0.0
156228,587739303685718126.fits,0.0
94773,588013382203015171.fits,0.0
56048,587745402004373665.fits,0.0
267387,587727226763739257.fits,0.0149999996647
224248,587729159520256301.fits,0.0810000002384
91964,587731869094117578.fits,0.0769999995828
229481,587739827674022085.fits,0.119999997318
177560,587739458294841468.fits,0.0
38606,587734949658165580.fits,0.103000000119
257483,587725590381789417.fits,0.0
103083,587731891650494555.fits,0.0
38131,587737808501211272.fits,0.0359999984503
215008,587739380992180428.fits,0.0
216422,587739828744749268.fits,0.0
12259,587732156851225096.fits,0.0
196751,587733428160168057.fits,0.0
80878,587742571608342627.fits,0.0
24416,587734621629513866.fits,0.224000006914
246758,587736920508399898.fits,0.0610000006855
192264,587736523764269197.fits,0.0289999991655
187208,587739844309025013.fits,0.0
165410,587742550674636936.fits,0.0419999994338
198669,588018254287667489.fits,0.0
239276,587739720846934450.fits,0.837000012398
141693,588010879301648505.fits,0.0
220100,588017978373308664.fits,0.0
256864,587725490525634925.fits,0.0149999996647
206033,587736976880369881.fits,0.0
183043,587739719224590447.fits,0.0
128792,587742864215179425.fits,0.0
52874,587741709944881307.fits,0.0860000029206
225631,588018090541318282.fits,0.0
122915,587733079738876045.fits,0.0670000016689
154485,587738574070284476.fits,0.0520000010729
73357,587732582053576876.fits,0.0
108945,587739507151274008.fits,0.51700001955
41524,587741490359107704.fits,0.0
98238,588017722251280519.fits,0.104000002146
211074,587729159517700289.fits,0.0
158446,587722983360036986.fits,0.0
206190,588017114521075937.fits,0.0
182556,588017947751088273.fits,0.0
18048,587739407293612363.fits,0.0170000009239
98279,587733080809603181.fits,0.216999992728
198793,587742628524589232.fits,0.0
30467,587731522815459462.fits,0.0
135209,587732769984807089.fits,0.0
195977,587742609729454401.fits,0.0
116885,588010359086448779.fits,0.0
210317,587739408408707222.fits,0.0
55954,588017979953709218.fits,0.0520000010729
45394,587741708331647121.fits,0.0
165330,587739809946468493.fits,0.354999989271
90083,587741708879921260.fits,0.0
58270,587742061058195542.fits,0.0
8296,588015509289631969.fits,0.0
106421,587742059995332769.fits,0.0
239422,587733604264968492.fits,0.0
35311,587738947738403020.fits,0.0
68146,587726032774758528.fits,0.0
245132,587725818575192432.fits,0.0
118773,587739097525125236.fits,0.0
132601,587741722821132371.fits,0.0
258794,587731173306467227.fits,0.0
78250,587732583665041503.fits,0.0
210869,587730023331987591.fits,0.340000003576
264612,587730816829358304.fits,0.0
93637,587725552283549876.fits,0.0
205433,588018254825652302.fits,0.0
197600,587742578067963947.fits,0.0
191131,587739609713737789.fits,0.0
95133,587732772123705457.fits,0.0
69267,588017626682949776.fits,0.019999999553
239099,587742589331439837.fits,0.0430000014603
20829,587741387811324329.fits,0.0
236582,587733399717478610.fits,0.0
47004,587732153641271413.fits,0.0
164762,588017627235287205.fits,0.0
181492,587729160048083184.fits,0.0
244273,587736619863310689.fits,0.0
202974,587736940911591628.fits,0.0
101971,588017720104321142.fits,0.0
157365,587736807761772733.fits,0.0
119600,587734894364459130.fits,0.216000005603
67018,587728947975946399.fits,0.0
119395,587732589567934580.fits,0.0170000009239
160026,588848899922395273.fits,0.0
53274,588016891171831956.fits,0.0
225107,588018254829060174.fits,0.0
203947,587739706876690605.fits,0.0
68793,587741817321816239.fits,0.0
195177,587726031729131655.fits,0.0
33083,587742008973787446.fits,0.0
45346,587735348018938100.fits,0.0
155137,588017726017503404.fits,0.0
72729,587742013272883337.fits,0.0
37090,587735044151836802.fits,0.0
204971,587739827132170458.fits,0.0
145128,588023669713141860.fits,0.0
250173,587736618791993825.fits,0.184000000358
248385,587733432456511772.fits,0.0
76944,588017111288578220.fits,0.0
265478,587730774421864504.fits,0.0
193103,587735489209827414.fits,0.0
67625,587745538909470857.fits,0.0270000007004
536,587727221414625491.fits,0.416999995708
116490,587726032785506461.fits,0.0189999993891
123409,587742575904817237.fits,0.0379999987781
9297,587727178476290203.fits,0.0179999992251
96639,587734891675189428.fits,0.0
192864,588011125194621026.fits,0.0
14092,587728930798174502.fits,0.0
132113,588017702396952708.fits,0.0540000014007
206764,587730022794330293.fits,0.0270000007004
204092,587736809919348921.fits,0.0
97091,588017948273606840.fits,0.0
25610,588297864712094005.fits,0.0
39365,587744727686185127.fits,0.0
30558,587731520667386059.fits,0.0289999991655
210014,587742061090570424.fits,0.0610000006855
173103,587742013293592710.fits,0.0
208542,587736586042671388.fits,0.268999993801
250517,587736620402344326.fits,0.0
169386,587742627981361185.fits,0.0
84780,587732703941492951.fits,0.0
123778,588010360161567006.fits,0.0
147861,588017719575052391.fits,0.0
267341,587731187277430908.fits,0.0
232007,587733441585152197.fits,0.0
12621,587738066192236788.fits,0.0130000002682
95112,587741533858824292.fits,0.0680000036955
116785,587726016679706769.fits,0.0240000002086
95389,587731500263407750.fits,0.0
128665,587739096453021751.fits,0.0370000004768
246741,587736753543905454.fits,0.0359999984503
248948,587736753544757344.fits,0.0260000005364
104183,587739304213217330.fits,0.0640000030398
226051,587739132427043066.fits,0.0
228095,588018253756170459.fits,0.0
263204,587726879421956195.fits,0.0
68470,587731501333610548.fits,0.0
31538,587739153358520549.fits,0.0
122375,587732135922696246.fits,0.0
258527,587730848497336802.fits,0.0
58495,588023048019443861.fits,0.0230000000447
12257,587738196113686666.fits,0.0329999998212
17871,587741532764700775.fits,0.20000000298
99216,587735348032700650.fits,0.0
181106,587742060010668102.fits,0.0
159394,587741721215893606.fits,0.0
68876,587733080268406885.fits,0.0710000023246
164555,588017713657807056.fits,0.0419999994338
83620,587732577774534817.fits,0.0
164355,587742575376597163.fits,0.0710000023246
131824,587729158963331090.fits,0.0619999989867
93563,587741533321625624.fits,0.0
185541,588011218064048312.fits,0.0
44351,587732482197946494.fits,0.0
149267,587732769988018347.fits,0.0
101322,588017726005837972.fits,0.16400000453
77623,588017110751772744.fits,0.0
42738,587732153103089782.fits,0.0
18238,587744637488791815.fits,0.0419999994338
143906,588017991759167577.fits,0.0320000015199
182237,587739608638161050.fits,0.0
117490,587734891679645796.fits,0.0
251979,587735742621352325.fits,0.0
221667,588011218605834437.fits,0.0
162726,587729774754726057.fits,0.20000000298
221925,587736586581836070.fits,0.0
105101,587741724964028476.fits,0.0799999982119
255856,587729653963030929.fits,0.0329999998212
77147,587728950125723838.fits,0.0209999997169
97528,588017626150928602.fits,0.0
142065,587722982282690733.fits,0.0
189338,587730023864270978.fits,0.0
214035,587742014375919842.fits,0.0
122249,587739098599456819.fits,0.0
220436,588007004187852916.fits,0.0
243974,588017977842204926.fits,0.019999999553
139190,587741723359314007.fits,0.0
175422,587735695376253029.fits,0.0
147747,588013382747160771.fits,0.0
77682,587729387684429940.fits,0.0
237204,587742062169948500.fits,0.0
222054,587739707953774787.fits,0.0
260577,587730774410788970.fits,0.182999998331
114425,587732769980350628.fits,0.0
71715,588848901513412790.fits,0.0
143084,587724649799942282.fits,0.0
148434,587739504474259580.fits,0.360000014305
138199,587742189370736804.fits,0.0
141619,588017625621004435.fits,0.0329999998212
72691,587732048413392976.fits,0.0
37993,587732771571761304.fits,0.0
159893,587741602575614108.fits,0.0209999997169
69713,587725473344979188.fits,0.0
15978,588013382184075722.fits,0.0289999991655
181009,587736477589045430.fits,0.0
111178,588017603608313996.fits,0.0370000004768
150647,587742903940284560.fits,0.0
187774,587729158975848608.fits,0.0299999993294
243828,587742062171521094.fits,0.296000003815
248124,587742616175182087.fits,0.0
161412,588017702940311684.fits,0.0
263464,587730773880471901.fits,0.0
68958,588010358538895516.fits,0.0
11231,587738067265716573.fits,0.0
165315,588017627772158127.fits,0.0
62401,588023047483490508.fits,0.0
106282,587742188827639925.fits,0.0
163924,588017627771961450.fits,0.0
105298,588009372299886666.fits,0.0
161141,587742575912812556.fits,0.0
25710,587737826215592103.fits,0.0
51970,588007003631321239.fits,0.0
779,587731186742394983.fits,0.0
104932,587732769978384512.fits,0.0
44646,587744728224694554.fits,0.0
99254,588010878218666078.fits,0.0500000007451
26207,588297864712290637.fits,0.0
23015,587738372209050012.fits,0.0309999994934
195744,588017711515500653.fits,0.0
124554,587734892754894900.fits,0.0
90203,587741709416792297.fits,0.0240000002086
216107,587736940377276651.fits,0.0
65450,587741389965819991.fits,0.0689999982715
199816,587736477593239819.fits,0.361000001431
168654,587735430693585048.fits,0.0
164190,588298662505873571.fits,0.0
189677,587742611338690712.fits,0.0
108907,587733080810979457.fits,0.0
218927,587739829282078729.fits,0.0769999995828
61027,587733081877708899.fits,0.0799999982119
216015,587736547386851813.fits,0.0
73413,587734948594450572.fits,0.0
173495,588017115051917324.fits,0.0
217915,587739131351728672.fits,0.0309999994934
135259,588017726549917849.fits,0.0
262274,587730774951985557.fits,0.0
173049,588298663044055262.fits,0.0
185997,587739706336084154.fits,0.0
186113,588298661972803686.fits,0.0
95898,587732583130202170.fits,0.0930000022054
177621,587736807766098073.fits,0.0
188829,587736915140477211.fits,0.0
115769,587741533325820202.fits,0.148000001907
9911,587737809027531164.fits,0.0
82009,588017111826432186.fits,0.0
103532,587725040089235662.fits,0.0670000016689
207522,587733428161806474.fits,0.0
174751,588010879308791978.fits,0.0
14878,588016840705704048.fits,0.0189999993891
87398,587731498651680901.fits,0.0
235679,587726101494825320.fits,0.0
36580,587739376161128661.fits,0.0
83647,588017604677664923.fits,0.0
266642,587727874770403488.fits,0.0
100988,588013383814611078.fits,0.0
119778,588017565488447550.fits,0.0
14189,587731874459746570.fits,0.0
215180,587736545776107634.fits,0.0
8292,587727178469474402.fits,0.0
118025,587729388225953981.fits,0.0
124343,587726015070666894.fits,0.0
102786,587731890576621697.fits,0.0
144266,587736805081874513.fits,0.0
237616,587739827139117284.fits,0.0
222244,587735665849270387.fits,0.0
178181,588017604692738117.fits,0.477999985218
145411,587735430690242734.fits,0.0
15991,587732470382985656.fits,0.0
53160,587734621637968038.fits,0.0
38501,588010136265752821.fits,0.0379999987781
101185,587742864746545243.fits,0.0
56264,587728880337551627.fits,0.0289999991655
26829,587735348550566263.fits,0.0
1220,587730774964961450.fits,0.0909999981523
37820,588017978337460351.fits,0.0
148984,587742061077790811.fits,0.0
186321,588017948825419954.fits,0.0
220730,588007005798007014.fits,0.0
61659,587745539444637774.fits,0.0
171650,587739709017292916.fits,0.0
44005,587732053782691985.fits,0.0
9317,587727179013357583.fits,0.105999998748
126550,588017721181929612.fits,0.0
112754,588017702392954900.fits,0.0320000015199
210960,588017702414188798.fits,0.0
75676,587728309635252270.fits,0.0359999984503
235674,588017979450458291.fits,0.0329999998212
6675,587724197747556431.fits,0.0
114875,587724649256779959.fits,0.01600000076
41163,587728879258960084.fits,0.0
78912,587742864741564607.fits,0.0
150444,588848899920363659.fits,0.0
225831,588848899936550988.fits,0.0189999993891
6340,587731513683869953.fits,0.0
158491,587726014004527257.fits,0.0
266543,587730773349957862.fits,0.0
90294,587738411406524568.fits,0.0
240735,587739827676578075.fits,0.0
50843,587731500793135266.fits,0.0
81074,587742014885396585.fits,0.0
30804,587741490356158826.fits,0.0359999984503
34590,588016878830354651.fits,0.0
183039,587733399708041380.fits,0.0
249463,587733605341462786.fits,0.0
48797,587735043081175237.fits,0.0
94534,587741490372280405.fits,0.0689999982715
237379,587729227152621756.fits,0.0
183382,587739457759215793.fits,0.0170000009239
35092,588023239131922649.fits,0.0
169088,587739504478126208.fits,0.0219999998808
54517,587725074458476803.fits,0.140000000596
258876,587726877800858210.fits,0.0
151089,588010880377487487.fits,0.0
169888,588007004718235717.fits,0.0
136690,588017571384852578.fits,0.0209999997169
166765,587742550674899066.fits,0.111000001431
171637,588010879845007598.fits,0.0
184876,587726102020751620.fits,0.137999996543
261300,587726878880629104.fits,0.0149999996647
235284,587742590404264226.fits,0.0
260670,587727213885587693.fits,0.0
234624,587729227152097459.fits,0.0
166870,587738569249128591.fits,0.0189999993891
104519,587724648180875366.fits,0.0
96421,587742865282302144.fits,0.082999996841
232377,588017991778107731.fits,0.0
103401,587733079736451150.fits,0.219999998808
262285,587727221403025684.fits,0.0
8450,587731512618582199.fits,0.0
2022,587727180601426026.fits,0.0219999998808
253969,587729409690370346.fits,0.0
29253,587725551199584474.fits,0.0
17153,587745539431399572.fits,0.0240000002086
222052,588017991238811954.fits,0.25799998641
188496,587736809916006625.fits,0.0
94141,588017721713623145.fits,0.0
105945,587728676855611465.fits,0.0
175501,588011123045236854.fits,0.0
221837,587733412062756987.fits,0.0
145230,587741726045831309.fits,0.0
57806,588017977806422121.fits,0.0
205158,588018253752041573.fits,0.0649999976158
134244,587739304218460306.fits,0.0
44866,587735662081933499.fits,0.0
51267,587731680659767413.fits,0.0
164927,588017704551645362.fits,0.0
230373,587736941990641925.fits,0.0
45962,588009365862744196.fits,0.0
110533,587741709420724366.fits,0.0309999994934
191519,588023721781035119.fits,0.0
245414,587736899039002706.fits,0.0
69967,588017606285983750.fits,0.0
197298,587739810489958786.fits,0.0
46119,588023240208875735.fits,0.0
249000,587729751669145756.fits,0.0
245828,587736781998194963.fits,0.0170000009239
48123,587732484346937562.fits,0.0
209556,587739458301460627.fits,0.0
115822,588848900449501374.fits,0.0
117444,587742575366766798.fits,0.0189999993891
64890,588297864185905242.fits,0.0
126836,587739608627478641.fits,0.0
101128,587741602027339938.fits,0.155000001192
185201,588007004719939707.fits,0.0
114651,587742062681325660.fits,0.0
208556,587739844850352377.fits,0.0359999984503
256325,588018055668302421.fits,0.0
133816,588298663574831251.fits,0.0
19845,587738946659549604.fits,0.0
96937,588017977277480991.fits,0.0
160950,588017978899038393.fits,0.0
54575,588007003631845515.fits,0.0
261539,587727221937930560.fits,0.0
54050,588297863109476450.fits,0.0
45916,587731679047319713.fits,0.0
59435,587738946134343795.fits,0.0
122938,587739096452038784.fits,0.0
159492,587729157895815314.fits,0.0
53205,587738409249734815.fits,0.0359999984503
171601,587736809912270949.fits,0.0
85936,587742772941750363.fits,0.0
230112,587730022799114306.fits,0.0
105279,587742863136718977.fits,0.0
137310,587729159501447315.fits,0.151999995112
118570,587732772128751648.fits,0.0
174241,587725816418009261.fits,0.0170000009239
221896,587736584971550952.fits,0.0529999993742
257312,587725576423801079.fits,0.0
132561,587742578054201471.fits,0.0
162980,587735694837809275.fits,0.0
73195,587741829117509811.fits,0.0
255617,587736920513511847.fits,0.0
29925,587745244693070130.fits,0.0329999998212
131158,587742903936024698.fits,0.0
53809,588010359608377555.fits,0.0
245749,587736619327029409.fits,0.0320000015199
158587,588017726018224245.fits,0.0540000014007
136094,587739607555571748.fits,0.0
138520,587742189370802321.fits,0.0
186446,587739827128238261.fits,0.0
122658,587732591715811429.fits,0.0
16521,587725774533296253.fits,0.0
117474,587732591715287151.fits,0.0
142625,588017992295645310.fits,0.0
149148,587738569782264010.fits,0.0640000030398
131715,587735696981229723.fits,0.0149999996647
235537,587726101494825246.fits,0.0
43673,587744728224366783.fits,0.0
14088,587738947731456383.fits,0.0
89402,588017605752520796.fits,0.0
154535,588011217523572887.fits,0.0
64120,587745539445358666.fits,0.0
58751,587742062132068557.fits,0.0
214757,587730022795837628.fits,0.0
572,588015509807431861.fits,0.0
213390,587742577534304450.fits,0.0240000002086
158480,587729386083057810.fits,0.0
33662,587727942952550679.fits,0.0
15142,587725469053288552.fits,0.0
137728,587739304755986527.fits,0.0230000000447
219054,588017991775092963.fits,0.0
147414,588017625085182110.fits,0.0
203276,587739810491203705.fits,0.0289999991655
255822,587736752475931483.fits,0.0379999987781
209166,587739828206633225.fits,0.0
1222,587727178988847281.fits,0.0230000000447
179947,587722982827884615.fits,0.0250000003725
81170,587741815713824931.fits,0.0
181024,587739380985430184.fits,0.0
106295,587728309642199231.fits,0.0209999997169
230705,587733399179428002.fits,0.545000016689
102046,587741727379357878.fits,0.0
97915,587731870705647772.fits,0.0
213883,587736542024237358.fits,0.0
40175,588023240207040764.fits,0.0
47575,587725469599596672.fits,0.0
88273,588010359080288399.fits,0.0
120642,588017719570399351.fits,0.0
63148,587735663160787088.fits,0.0
30039,587745403070382398.fits,0.0
212700,587739706878328986.fits,0.0
65722,587734621640982702.fits,0.0
105421,587734893824704652.fits,0.115999996662
224951,588018254828994711.fits,0.0
146194,587739505010737255.fits,0.0
49262,587734623247728755.fits,0.0
18095,587728906102309121.fits,0.0170000009239
266566,587727221948547153.fits,0.0
35878,587725979617394772.fits,0.0289999991655
103722,587725041163043005.fits,0.0
216152,587733427089637507.fits,0.0
70419,587734948593729721.fits,0.0
95536,587742572148359257.fits,0.0740000009537
166178,588298662506266733.fits,0.0
78909,587742864204693606.fits,0.0
204199,587733399711449219.fits,0.0
26846,587745541045158264.fits,0.0
121379,587732484896522394.fits,0.0
132447,587732484898029737.fits,0.0
94026,587739097520799819.fits,0.286000013351
2066,587727179527684257.fits,0.0
44101,587728931344482470.fits,0.0
229448,587736618786226318.fits,0.0500000007451
158626,587733412053057774.fits,0.0
169668,587738570323460190.fits,0.0
37490,587732483806986474.fits,0.0289999991655
145605,588017724941795541.fits,0.0
206957,587736477057941753.fits,0.0
84949,587729385537667170.fits,0.01600000076
112262,588013384352989295.fits,0.0
63574,587745538908291197.fits,0.0370000004768
134255,588010878763008141.fits,0.0
99493,587738615952638068.fits,0.0
156902,587726031183806660.fits,0.0
49833,588017979951939715.fits,0.0
97526,588017949884416068.fits,0.0
76196,587739408383606849.fits,0.254999995232
166575,588007005791453359.fits,0.0
35793,588013384338833591.fits,0.0
103678,587739096985698388.fits,0.0
232592,587739651034055013.fits,0.0
93327,588297865264693363.fits,0.0
134313,588009372839510211.fits,0.108000002801
10040,587737827282518264.fits,0.0
40220,587745244695822581.fits,0.0
208672,587736478668816447.fits,0.0
235770,587735743152783581.fits,0.0
46713,587745540513923346.fits,0.0
54856,587734621101490272.fits,0.0
171710,588017704016216197.fits,0.0
261292,587730774412492938.fits,0.0
31302,587744873715597513.fits,0.0359999984503
238554,587739810498674901.fits,0.0
85025,587728879271084157.fits,0.0289999991655
253892,587729751135813659.fits,0.019999999553
32503,587732050015355022.fits,0.0
42613,587725468524413060.fits,0.0260000005364
198860,587736975536947388.fits,0.0320000015199
125146,587735348038008916.fits,0.0
245890,587733604266803278.fits,0.0
28078,587738947199238403.fits,0.0
168431,587733079208165568.fits,0.0
104123,587742060531744839.fits,0.0170000009239
195421,587739459372122316.fits,0.0219999998808
44516,587739114706829525.fits,0.0
58996,587725474417279139.fits,0.0
42511,587727944028586260.fits,0.0
128416,587732592253272191.fits,0.0
85767,587734893820379279.fits,0.0
156155,587739721366634605.fits,0.0410000011325
